all_time_quantity_sold,product_id,seller_id,brand_id,category_id
1308,247241481,200265,143406,1846
258,217317583,25203,110682,5350
4334,74975883,154163,27464,4293
145,216462048,25203,110682,5350
562,53056161,198012,19246,1846
527,167932609,1,49067,28932
2427,17967481,129537,25422,4343
2075,10001384,25203,18802,1846
159,204765801,260643,4539641,28952
2143,76030024,154163,27464,1846
391,174029994,65836,19073,1828
537,247241493,200265,143406,1846
429,15668735,26446,111461,28908
888,44012580,25203,18802,1846
9996,134561311,783,18845,1828
1,556642,200265,21862,2146
2222,419322,1,18806,1846
1701,160440903,65836,19073,1828
2253,38323087,25203,21862,28842
2803,74559331,154163,27464,4343
4684,419310,1,18806,1846
555,51845073,1,17825,6556
49,214050026,312039,7823211,28932
439,146012358,783,18845,28840
1117,2901371,1,18806,6561
1128,26314426,73012,111461,4642
977,74573141,154163,27464,4293
7,197190455,915,33036,4345
296,174593821,278788,199239,4343
727,21089128,154163,27464,4294
1,10001351,121374,18802,2679
2729,138481685,1,19246,6255
374,51729979,1,17825,6556
936,416978,154163,27464,4294
260,511960,154163,27464,4343
2641,8608925,65686,111461,28944
93,217443551,25203,21862,2146
600,618526,1242,19073,1846
355,73312665,25203,18845,28840
99,194134411,278788,199239,4293
2917,54439144,154163,27464,1846
105,200815573,198012,19246,6255
310,2130041,154163,27464,4345
187,58116278,25203,208251,2679
3,754249,1242,112149,51698
423,12404568,154163,27464,4293
1572,20637413,65686,111461,28944
51,16770500,76796,21437,28838
1,208062520,46736,111461,1846
16,77915998,101260,111461,29006
2474,10001382,25203,18802,1846
1052,73666130,65686,111461,28944
3013,16572969,65686,111461,28944
143,193763732,278788,199239,4343
486,10769836,25203,18802,2146
547,66930382,27572,48191,4293
957,10001369,25203,18802,2679
702,547563,27572,48191,1846
803,74561265,5411,312329,5350
120,215099700,2170,19246,6255
358,63191179,25203,21862,4051
937,76283023,25203,18802,2146
144,187392403,25203,18802,28840
253,77605790,217686,112149,1846
321,74311543,154163,27464,4293
9142,356387,1,21862,1827
380,25319983,49929,18845,1828
186,416911,154163,27464,4294
27,221225607,27572,215231,12672
3013,459733,3103,20972,28944
139,124483882,25203,18802,12298
71,199051799,1,18802,28932
179,1582161,154163,27464,4345
2725,124742926,1,17827,2458
287,15270539,154163,27464,4343
22,243252575,187121,244759,4345
1,143714177,15937,19073,1828
585,68828151,67624,25422,1846
740,35339655,1,18802,28932
821,410704,1,21862,28842
317,87034145,65686,111461,28944
1025,32246331,65686,111461,28944
1594,23393172,1,17825,6556
133,754245,217686,112149,4294
212,9979633,73012,111461,28920
200,52105812,65686,111461,28944
1632,20907214,25203,18802,1846
368,74547194,154163,27464,1846
275,456510,154163,27464,4454
2317,52373199,65686,111461,28944
1278,43973407,65686,111461,1846
3,72741594,915,33036,11964
823,97991447,183951,4810691,28944
155,183050828,141792,4539407,28904
65,201965201,65686,111461,28944
262,140107134,783,18845,28840
344,189371238,116331,79935,6255
124,12404601,154163,27464,4293
163,169695798,60386,374429,28906
1,225386873,15937,19073,1828
8,89783330,5346,111461,29006
726,74561661,154163,27464,4294
335,63190320,25203,21862,4051
13,212558124,25203,21862,2146
289,110055062,73012,111461,5350
417,191975880,297182,18803,1828
95,6909331,154163,27464,4343
220,74850075,25203,21862,4051
277,10001353,25203,18802,2679
2,193925997,3103,18805,28932
454,52192246,65686,111461,1846
716,207891244,858,143406,1846
1526,17620717,65686,111461,28944
93,205957921,73012,461155,28904
38,191271050,20428,4510525,28932
299,173164642,73012,195495,4642
433,16387290,25203,18802,12298
231,456506,154163,27464,1846
14,14388647,45223,110682,5350
879,17954263,1,26707,28932
154,150672784,65686,111461,28944
228,6910261,200265,112150,6255
23,206112507,200265,19073,1828
144,54616069,10657,18845,1828
384,59502552,1,17825,1846
291,459201,3103,20972,1846
55,57357726,53713,111461,28900
90,95266695,73012,111461,2
682,10001326,25203,18802,2679
1724,6711831,65686,111461,1846
1410,7458771,65686,111461,1846
72,157504855,154163,27464,4293
163,15680869,65686,111461,28944
296,130048917,1,18805,28932
181,81830444,1450,481059,6255
67,11194805,783,18802,2146
10,196939150,20428,111443,12672
59,189540673,144022,5326489,28920
73,155765566,12395,209501,12298
149,98233872,133440,111461,28944
273,10001377,25203,208251,2679
159,23397939,41387,17825,28944
738,134559638,49929,18845,1828
73,24902640,46736,111461,12298
1404,806744,45,111460,1828
367,110948705,194888,561415,4294
11,215099692,1,19246,6255
183,8089082,100773,111461,1815
348,107360880,154163,27464,4343
4,69162730,200265,27464,4345
661,561879,15937,79935,1846
143,763675,3103,20972,1846
19,191270045,20428,4510525,28932
3,208077288,12395,157537,28900
12,138315921,3844,111461,2
416,10001367,25203,18802,2679
477,10001357,25203,208251,2679
47,8114281,1,18806,6561
91,12404603,154163,27464,4293
133,77105849,25203,18802,2146
881,14293641,64160,111461,1846
,137959617,46736,111443,12672
978,32453922,571,148567,28950
102,165667261,12854,240717,11964
1,198207951,207951,178001,28936
236,25206026,154163,27464,4316
198,114699552,191464,111461,1828
2397,16667097,65686,111461,1846
188,109347126,65686,111461,28944
52,94173429,1,18851,28932
346,5413859,49929,18845,1828
50,195656641,299569,7494139,28942
66,165588636,12854,240717,11964
128,15353548,65686,111461,28944
156,73199681,696,312279,11966
44,16396285,25203,18802,12298
92,101901207,8749,48191,4294
136,12404609,154163,27464,4293
94,74309855,160211,20960,12890
92,142782679,231239,79935,6255
,198203383,101260,111461,1846
204,26218961,64160,111461,4642
389,17904891,65686,111461,28944
96,203213313,25203,21862,4051
1,44012841,121374,18802,2679
108,152383382,58260,49994,4345
86,182308716,7934,174069,1828
4,197670914,93856,4554761,12672
20,249288542,330212,18845,1828
62,169198565,154163,27464,4293
1004,7857797,64160,111461,1846
68,201965545,65686,111461,28944
43,206157359,200265,143406,6255
4,56380242,76905,111461,28948
1625,49728912,1,21862,28842
314,58677681,12395,48191,4293
40,213920368,119952,111461,28944
42,169039064,27572,17826,4293
27,98923791,126350,27703,4454
6,56190273,858,17825,6556
27,46757834,300019,21651,1846
291,8081443,192038,111461,28920
346,56067914,65686,111461,28944
35,186359410,12854,17826,29008
113,171233670,273254,111461,2
189,220671238,326560,111461,28948
400,23557774,45,31600,1828
448,459084,12395,27703,4293
99,144232807,2215,3979027,28952
27,195536650,27572,178549,12672
42,173380884,65686,328795,28944
296,16161475,25203,18802,12298
99,54764213,65686,111461,28944
91,201936149,65686,111461,28944
36,76664325,3103,19903,28900
28,416990,1242,27464,1846
22,188176208,288229,27464,4454
228,80799408,783,18802,2146
46,204664136,25203,4539641,28952
348,11354023,783,18845,1828
23,55196708,73012,111461,4642
820,106375760,1,18805,1846
42,202492275,104276,549763,1828
18,185922577,283233,25422,4343
122,22555481,5411,111461,5350
66,99998451,1,18851,12672
19,57268501,27572,17826,28930
92,205757256,56430,4554761,12672
76,191918608,297182,18803,2146
50,196057971,203285,111461,28908
475,57657389,126350,27703,1846
39,159887307,1,18805,28932
3,248645535,25203,63950,2679
42,185944336,27572,178549,12672
388,86123397,25203,18802,2146
214,186267931,56430,4510525,12672
94,178477024,154163,27464,4293
281,40547505,76796,111461,1846
3470,53704413,65686,111461,1846
65,51733508,65686,111461,28944
89,57091076,16972,111461,28920
40,173969491,158761,111461,28944
114,142459136,65686,5074117,28944
,24801234,15937,220233,2146
,109890380,329374,111461,2
53,51424090,12395,18802,28932
2,253721467,5411,312329,4343
77,77947090,126350,27703,4293
15,50086320,3103,18802,1846
9,44180345,110920,218951,1846
584,76297472,1,18802,1846
6,9845151,51389,31714,28944
17,179539764,6975,110682,5350
,59115735,314495,111461,28920
65,22100084,192038,111461,28920
100,205961356,9884,243693,1846
104,100031927,1,18851,28930
11,125893668,45223,17826,4293
99,49366640,20367,111461,4642
4,185654769,9980,239269,8094
5,192863109,24055,112323,28960
72,506497,20850,18806,1846
3,204314240,319481,111461,28920
17,184904857,287167,7295039,30020
31,121024249,267338,111461,28942
5,199109494,25222,111461,2679
142,700901,231239,143409,6255
80,24850430,59640,21437,28838
28,22414760,24055,111461,28960
1,8095982,314495,111461,11968
147,10868001,131912,111461,28920
24,162617728,73012,111443,4642
1,166319807,45223,17826,4293
5,220679465,9316,111460,2146
184,34476640,56430,18805,29016
43,172960181,232139,19664,28842
300,11200514,41387,17825,1846
40,191829340,1242,27464,4454
23,13864122,200265,220233,1828
34,168372008,3103,19903,11958
103,95564239,65686,4810691,28944
149,998687,27572,18802,1846
61,136032838,154163,27464,4343
41,110317258,48369,422017,4345
10,100265665,156976,18851,12672
73,164304313,65686,561415,28944
91,76186679,12395,48191,4293
44,44896399,25203,18802,2679
320,15644245,65686,111461,1846
148,96707403,65686,111461,28944
6,22385802,27572,63950,12298
206,32108134,65686,111461,28944
49,520204,858,21862,4051
12,11353901,46736,111461,12298
753,25962819,65686,111461,28944
5,199235020,25222,111461,2679
11,14518091,73012,111461,4642
10,108590741,3103,20972,6556
12,102157843,46736,111461,2
17,74775970,110920,218951,11968
2008,806672,45,111460,1828
322,117572921,1,18805,28930
408,60715918,9884,243693,4642
963,7460207,65686,111461,1846
31,196425212,64160,328801,28838
160,103791477,1,18851,28930
473,15163759,110919,111461,11968
243,8114283,1,18806,4542
143,14242308,73012,111461,1815
1,82288567,319481,111461,28924
86,704169,12395,18851,1846
,117093771,170124,4968143,28924
3,7908729,26446,185627,4294
,57692036,163281,219765,5349
53,72752336,29693,111461,28900
38,191089410,93856,4510525,28932
222,26218971,64160,111461,4642
15,26218953,20367,111461,4642
56,208438905,158761,111461,1846
82,21056582,73012,261961,4642
183,110990926,194888,561415,4294
10,249682317,241369,111461,28944
480,51615378,65686,111461,28944
55,566274,200265,31979,1828
,8011164,200265,27464,4454
144,79316248,25203,19664,28842
50,35603100,25203,18802,2146
47,416625,154163,27464,4293
233,58669073,3103,20972,1846
2,248186394,27572,237013,1846
12,196948702,783,18845,28840
36,14379439,306930,171237,28944
7,222439592,226098,4554761,12672
19,125582349,858,17825,6556
6,179550020,15937,21862,2146
7,185442369,58260,244979,4345
13,94173532,12395,18851,28932
276,51970596,65686,111461,28944
666,8114282,1,18806,1846
13,158820238,212803,18845,1828
23,187770519,58789,40960,8094
3,248360352,113115,46703,10089
4,262065570,278788,199239,4345
55,116490029,196697,255813,11964
536,137741171,25203,21862,1827
,20584637,20367,111461,4642
2,165941799,27572,18802,28932
249,2045801,915,243693,1846
724,561924,15937,79935,6255
19,554426,200265,27703,1846
255,93294232,65836,40960,7361
29,1690577,44377,111461,28924
31,67861239,16972,111461,28920
26,6413195,9884,243693,4642
88,4981861,915,18845,1828
3,964243,200265,21862,1846
3818,53080935,1,19246,1846
582,71062304,2671,608855,28944
30,217462144,25203,21862,2146
83,111452388,1,18851,12672
79,154706046,236667,21651,1846
641,51987865,65686,111461,28944
18,194125697,44390,111461,28920
797,74547151,154163,27464,4293
50,26314030,915,79935,6255
60,181120107,1,18805,28932
93,16613522,25203,18802,12298
110,96903639,183951,4810691,28944
28,159313503,25203,4539641,28952
8,249457337,241369,111461,28944
740,19701154,64160,111461,4294
3,44248667,329374,111461,1815
5,51111825,110401,111461,4642
3,54365768,23032,111461,4642
1,213960192,150169,19903,11958
12,82842545,43974,111461,28944
3,102780872,184069,111461,2
20,196236093,52420,111461,28948
6,31233999,56430,18805,5172
2,215746674,5872,111461,4345
1,200728422,25222,111461,11958
1,10315830,72017,111461,1846
1,199997474,25222,111461,12298
5,35921896,3844,111461,28948
7,56000864,115204,449077,28942
35,120034245,184069,111461,28944
43,44335445,132208,111461,28942
25,189460846,128476,18803,1828
1,86155648,30787,17826,11956
2,213922724,150169,19903,11956
1,117093418,170124,4968143,28924
1,137169723,170124,4968143,28922
,117093393,170124,4968143,28924
2,117094215,170124,4968143,28924
53,20410427,86595,148549,4642
33,144354877,184069,111461,28942
43,87393332,133440,480825,28944
4,125579605,20428,111461,2
8,184634783,267338,111461,28940
6,127377456,208461,111461,2
3,208085385,316339,111461,2
1,205228808,25222,111461,11958
6,23395721,2859,17825,6556
2,215889906,273254,111461,28940
1,214859851,20428,19032,12298
2,41314748,8715,180911,29006
389,134607384,10657,18845,1828
3,246163295,267996,228677,4051
4,204954024,255385,199239,4293
1,196292349,30787,174069,28932
212,7736571,11020,27464,4642
2,214615798,282372,17825,29010
1,204044334,311782,180911,29006
60,190294912,93856,4554761,12672
3,204614080,106273,111461,1828
1,173640823,14813,243693,4642
2,213698300,57064,111461,28942
15,214915395,57064,111461,28942
1,19554563,5346,111461,28948
13,171653285,126154,561415,28920
7,109890229,41292,111461,2
1,26221901,45223,110682,5350
14,35585756,19553,18806,28942
62,59203466,133440,480825,28944
1,205516175,298269,111461,2
3,198546564,303903,111461,2
5,112331205,20367,111461,2
3,193669071,288229,27464,4454
,13624452,110058,111461,28924
2,250338432,332928,111461,4343
1,74854740,260961,111461,28920
35,171806447,47656,328795,28944
4,185862606,46736,40960,29016
20,31375366,3844,111461,28948
8,211286008,5966,111461,2
18,76028767,75506,21653,1828
4,197148356,12395,46001,28932
3,87009984,12395,49067,12672
1,223895571,12395,18420,2146
1,181097381,12395,638603,4642
1,215123575,12395,111443,12672
75,33197221,12395,48191,4293
31,151596121,12395,251363,4293
2,191767693,54535,178001,28936
,63635262,329374,111461,4642
9,112136464,158761,111461,28944
,11200172,158761,111461,1846
5,205930850,158761,111461,1846
6,145309902,183890,21651,28920
67,31237022,56430,246253,1846
3,222665328,312039,18805,29016
8,222716773,312039,111461,1846
19,10603668,19553,18806,1846
29,87167484,133440,862711,28944
1,123860034,309947,111461,2
60,125589385,20428,111461,1846
31,205539458,56430,4554761,12672
82,68068823,158761,111461,28944
58,37891357,27572,26707,28932
124,159313501,260643,4539641,2
4,185511132,58260,111461,4345
5,111484881,265319,111461,2
101,26218947,64160,111461,4642
121,134598637,45,18845,1828
1,200008469,308064,7834739,28924
,147763775,41387,17825,6556
10,59250043,1,27703,4343
11,143714095,212803,46675,4454
2,202414702,265319,111461,4454
3,243093254,2666,111461,28920
27,91190628,9884,243693,5350
1,200007071,308064,7834739,28924
2,142432254,3103,19816,2146
497,20704481,65686,111461,28944
13,220669499,27572,236607,28906
6,197072973,8749,48191,28894
35,199009064,12395,48191,4345
19,68221371,183951,111461,28944
31,12037628,314495,111461,28916
3,192810278,41387,17825,28932
38,9837192,44377,111461,28924
245,8315121,64160,111461,4642
18,56433502,44377,111461,28924
,57047283,319481,111461,28920
,57147408,319481,111461,28920
53,23290826,44377,111461,28924
59,21788815,44377,111461,28924
2,113331833,126154,111461,28920
56,121065787,217686,112149,4294
151,161490007,1,18805,28930
28,129650198,76796,21437,2
17,1713195,192038,111461,28922
6,56365639,44377,111461,28924
17,173153435,64160,111461,28904
125,29837913,1,20972,6556
,15533211,309947,111461,51698
605,1605999,1,18806,8089
43,122425966,184069,111461,28942
30,138315916,296648,111461,2
3,57483936,42645,217953,11966
,10050407,168455,174249,28944
4,50477210,9980,157549,28900
8,117813574,208461,111461,28940
1,150018210,237791,4508421,11960
8,116420484,211765,111461,11968
82,26107549,12591,111461,11968
8,21095783,765,27464,4293
24,11340356,20850,18806,1846
1,213521314,8024,111461,2
8,34718290,3844,111461,29006
17,25556273,65781,401995,4642
16,68170002,2671,111461,28944
3,135454674,117842,49128,4642
12,178044799,22922,158347,11964
15,184639271,267338,111461,28940
1,125433137,170124,4968143,28920
13,121229121,184069,111461,28940
18,102111614,100405,526211,4316
3,54365865,23032,111461,4642
34,43865791,133062,456265,12886
5,222683698,299020,111461,28944
10,213521606,8024,111461,7361
1,217342467,240665,111461,2
1,215746668,5872,111461,4345
,117093757,170124,4968143,28924
1,137171129,170124,4968143,28922
1,117093804,170124,4968143,28924
2,186000732,170124,4968143,28922
3,117094152,170124,4968143,28924
3,117093528,170124,4968143,28924
8,70633421,2671,111461,28940
2,146364782,117842,185627,4294
1,205516950,298269,111461,2
11,141919550,24055,111461,28960
341,42373861,89764,148595,28950
10,249997438,44159,111461,28948
1,117095066,170124,4968143,28924
2,117093368,170124,4968143,28924
9,142369953,62739,111461,28936
5,195510725,282372,17825,28932
122,102780789,184069,111461,28942
9,109890379,26446,111461,2
2,230171811,149341,5610473,11968
1,83663607,231239,79935,6255
27,125579213,20428,111461,2
3,93239845,30787,49067,11958
3,170989410,17668,219765,5349
1,214908408,57064,111461,28942
4,195714841,12854,25871,11964
17,145232831,226274,153194,4293
14,220671265,326560,111461,28948
19,125581398,20428,111461,2
2,138315871,3844,111461,2
11,48923082,231239,682863,6255
20,1713049,192038,111461,28922
179,195861449,149341,46698,1846
933,182308659,7934,174069,1828
233,129540429,73012,111461,28900
6,22400934,1817,197577,28914
96,102947935,3844,111461,2
78,59392986,133440,480825,28944
14,132837642,232847,111461,4642
3,199583260,9316,40960,11962
15,35239842,3844,111461,28948
2,15257150,308736,111461,28900
4,77917036,12395,209501,28900
3,200780041,12395,111984,28932
3,230203528,12395,27464,28894
32,208120467,24055,275031,1846
79,575389,6975,110682,5350
11,125935609,225905,111461,11956
12,135496562,117842,49128,4642
2,243145877,9316,718051,11960
9,247662345,1,18802,28932
4,177278960,1,18802,12672
4,204942121,56430,40960,11962
79,23820137,56430,18805,5172
6,24969297,312039,18805,28932
1,253059157,312039,18805,29016
9,172802609,56430,18604,5584
11,214717379,184069,111461,28944
3,196913162,312039,18604,29010
14,122222084,2859,174249,28944
8,246168019,1,17827,1846
2,35776240,265319,111455,5350
209,67911084,2952,149159,28948
17,121242205,212803,49128,5350
,20680434,306930,111461,28944
79,205741562,158761,111461,1846
,19740582,314495,111461,4642
8,187217179,290202,174249,28942
1,125046635,224312,33914,2146
2,122326314,125243,18806,6561
229,10913824,65686,111461,1846
33,74573466,65686,111461,28944
3,204871986,1,18805,28930
183,405252,27572,19073,1828
9,20637248,306930,111461,28944
,125428218,198481,110682,5350
164,63183906,25203,21862,28842
38,34159103,5411,111461,1815
35,99667879,39681,111461,28920
86,21574865,44377,111461,28924
30,44602406,192038,111461,28920
87,15245131,20145,111461,28904
4,22179387,309947,19428,1846
122,14642163,5411,111461,4343
296,8315202,64160,111461,4642
1,86164513,319481,111461,28922
1,56606148,26446,111461,28920
95,51326676,65686,111461,28944
1,109339385,176859,111461,28924
,109080718,319481,111461,28920
28,53184762,30787,241453,28904
7,116577418,110920,218951,11968
29,24418785,32158,111461,51698
21,171233544,273254,111461,2
34,144354811,184069,111461,28942
10,171233554,273254,561415,1846
25,208766959,309947,111461,2
1,173627054,208461,111461,2
2,130432566,185913,111461,2
4,207723368,315744,111461,11968
2,117095462,170124,4968143,28924
1,137169702,170124,4968143,28922
5,117092970,170124,4968143,28924
2,193617555,208461,5177339,28944
1,10308656,72017,111461,1846
3,33734471,153486,143398,30020
,137171747,170124,4968143,28922
12,150931404,187960,111461,28950
6,199624128,288229,27464,4454
4,186078120,282372,17825,6556
37,136796489,232847,111461,4642
3,104070204,191491,111461,28920
16,191123325,93856,4510525,28932
1,4319355,168455,166913,1846
3,49904752,110401,111461,4642
1,139268847,240665,111461,2
11,208120476,24055,275031,1846
1,21057049,183951,111461,28942
3,185718448,287167,7295039,30020
2,222678661,184069,111461,6556
24,708952,17571,112149,4293
5,205059171,298269,111461,2
2,190321017,44390,111461,28920
1,217342594,240665,111461,2
3,181808741,86595,111461,4642
4,205891612,189789,111461,2
1,117094429,170124,4968143,28924
,137169678,170124,4968143,28922
2,173640815,14813,243693,4642
25,73568332,2671,111461,28940
8,67827661,4106,360577,1828
5,249022225,312039,18805,1846
5,199709609,209676,40960,11962
38,169922418,271398,111461,2
62,216371858,325199,111461,2
2,207282431,29723,111461,4642
2,252178591,47656,201253,28944
11,175526036,267999,111461,5350
20,38147216,3844,111461,28948
44,171233483,273254,111461,2
2,249772459,241369,111461,28944
8,130769123,19350,111461,6255
,115269605,329374,111461,4294
6,198490494,303905,111461,2
3,184588373,121824,17825,6556
9,73366064,86595,111461,4642
17,215141173,57064,111461,28942
7,212357626,12854,25871,11964
3,220671251,326560,111461,28948
5,186270895,231239,143409,6255
1,205529455,298269,111461,2
1,108954644,329374,111461,4294
14,193549202,245498,111461,6556
1,177562198,209676,18991,28900
12,13114633,12395,26707,28932
1,250496151,12395,18420,1846
2,8105301,131501,18805,28932
1,163928170,12395,208305,11956
1,248798031,9316,111443,11960
395,32859534,3844,111461,28948
3,221807085,312039,4510525,1846
1,262304617,56430,4510525,29016
3,193439213,287323,19017,2146
2,222562256,312039,18805,1846
21,225960182,312039,7823211,28932
1,225208138,27572,17826,28900
1,247436625,212607,17826,29010
1,247656230,212607,17826,29010
2,257780423,2546,463577,28904
8,202258575,27572,173937,28900
258,47514139,30953,185083,4642
90,175425776,149341,46698,8129
9,214598278,184069,111461,28942
3,247718667,12854,17826,1846
1,200009564,308064,7834739,28924
131,481615,858,18806,6556
3,187188650,200265,112149,4454
13,107362077,154163,27464,7361
88,76198752,154163,27464,4293
203,201934939,65686,111461,28944
19,56951056,12395,40960,11962
1,200009149,308064,7834739,28924
8,172960162,232139,19664,28842
1,200026745,308064,7834739,28922
285,52054902,65686,111461,28944
128,11224567,25203,33914,2146
50,150167422,30953,185083,4642
4,203810780,41387,17825,29010
1,74342203,306930,174249,28944
62,149485922,217686,112149,4316
15,201965118,65686,111461,28944
22,186161528,28530,111461,2
,448543,298886,21862,1846
1,197648114,269533,19903,11956
101,110736166,30953,185083,4642
61,16609730,25203,18802,12298
320,13150843,49929,18845,1828
11,59502158,1,17825,6556
7,136676515,1,17825,6556
5,142782737,200265,5236025,6255
19,44545853,5411,111461,4642
,59499178,176859,111461,28922
111,17611318,192038,111461,28920
,2045587,915,243693,4642
,63917083,319481,111461,28922
14,70839219,2671,111461,28940
33,115977775,184069,111461,28942
3,136586126,62739,111461,28948
1,206502059,308231,111461,11968
6,171233623,273254,111461,2
4,125936664,225905,111461,2
7,57357411,129622,111461,28942
226,48116252,12591,111443,11960
1,215746706,5872,111461,4294
49,73333568,133440,480825,28944
1,173640782,14813,243693,4642
1,76047456,30787,241453,28904
35,96366247,133440,111461,28942
1,10308185,72017,111461,1846
2,24510077,3844,149425,28948
15,145301864,133440,862711,28944
11,199111362,25222,111461,2679
1,137170217,170124,4968143,28922
,137170320,170124,4968143,28922
1,117093142,170124,4968143,28924
,117094414,170124,4968143,28924
1,137169991,170124,4968143,28922
,125432260,170124,4968143,28920
1,15510300,44377,111461,28924
19,113099786,205033,111461,2
1,213956144,150169,49067,11956
9,183035883,10706,481059,6255
1,217344026,240665,111461,2
2,100159246,133440,862711,28944
2,117095328,170124,4968143,28924
1,117094659,170124,4968143,28924
23,107469785,57690,111461,11968
8,29609934,45,18420,28842
2,199201198,25222,111461,2679
2,117811811,208461,4225121,28944
6,137149364,237791,111118,11960
24,32128974,10295,111461,28906
,74342692,184069,174249,28944
23,37408608,23032,111461,4642
18,174153373,93856,149381,11958
1,201851825,282372,17825,28932
62,174944633,191491,111461,2
34,144354545,184069,111461,28942
5,179539777,6975,110682,5350
3,248792234,47656,253997,28944
62,171233615,273254,111461,2
19,183376205,230189,111461,5350
15,108242720,43716,111461,11968
3,195091387,209676,19903,11958
1,95564308,190490,111461,28944
70,138456711,2215,3979027,28960
6,95052000,101260,178001,29006
15,252581911,308736,111461,28840
,141356532,308736,111461,5350
8,201911223,298018,111461,29010
41,136796494,232847,111461,28894
45,124897486,48369,111461,2
9,56693070,44377,111461,28924
4,188482039,129489,111461,11968
6,207374394,9316,111443,28932
1,67235516,6975,110682,5350
10,188544553,282372,17825,6556
1,242086251,9316,718051,28904
2,44716149,30787,17826,11958
11,38383214,73012,111461,28920
140,92010070,46736,111461,2
1,89456696,30787,145781,11956
59,15659038,12395,17826,28908
34,108843366,1242,27464,4345
10,174307898,231239,143409,6255
9,77912800,158761,174249,28942
24,147752132,133440,111461,28942
26,205031081,158761,111461,1846
21,179750204,56430,4510525,12672
2,159602770,1,18805,5584
3,261942501,2170,49067,28934
122,48432507,56430,18805,1846
9,225202878,148768,4202899,28906
350,15338785,3844,111461,28948
7,128645811,298886,422017,4345
13,198436829,1,18851,12672
94,102156839,25203,18802,2679
316,49275935,692,473473,28936
5,70833324,54535,178001,28936
,42561588,306930,46014,28944
7,115746322,60386,26707,12672
2,217316842,60386,18802,28932
45,100517001,12395,18851,28932
19,191689321,296464,18802,28840
1,14188623,140258,111461,28950
1,200023659,308064,7834739,28920
2,242017028,154163,27464,4293
12,52276039,58260,111461,28896
43,169695504,8749,48191,4343
2,253378387,783,18802,2146
5,213893384,8749,48191,4293
2,253378196,783,18802,2146
173,55994870,1,18805,28932
2,172960301,232139,19664,2146
29,176926490,27572,19018,28932
3,106420833,271398,111461,2
43,191651969,296464,18802,28840
2,200007550,308064,7834739,28924
2,200032113,308064,7834739,28922
38,162593951,1,21862,2146
1,193895455,12395,49067,2146
24,243033592,25203,18802,1846
49,356371,12395,19667,1827
2,107034248,149312,20972,28946
14,150656174,25203,18845,28840
16,416985,154163,27464,4294
,215099888,265319,400143,28932
5,6398873,915,243693,4642
38,88790505,113115,46703,28936
4,73259812,309947,19428,4343
166,27579312,65686,111461,28944
46,50796737,783,18802,28840
201,49078809,133062,178025,12886
118,17474656,20367,111461,4642
1,101819684,16972,111461,28924
3,93936463,110920,682125,11968
,78496225,12395,18805,28932
11,85444689,1242,27464,1846
3,217366185,58260,111461,28904
4,99240292,56543,111461,28920
1,252277458,12854,17826,29010
58,38210847,192038,111461,28920
,9837190,319481,111461,28924
38,44602544,192038,111461,28920
10,37937444,16972,111461,28922
,113099332,329374,111461,1828
,56793467,319481,111461,28924
10,21758215,44377,111461,28924
33,77015658,64160,111461,5350
3,52152951,16972,111461,28920
11,16930258,44377,111461,28924
,82495572,319481,111461,28924
5,198593824,12395,19073,2146
,56445304,319481,111461,28924
,9830362,187121,111461,4345
16,37407293,44377,111461,28924
147,7940215,192038,111461,28920
2022,419320,1,18806,6556
2,67135644,319481,111461,28920
1,203874428,164796,150002,28900
2,208474532,296648,111461,28948
3,173947108,100405,170977,4316
18,144916531,11667,180911,29006
12,115976007,184069,111461,28942
1,95484139,20428,713233,12672
10,136006322,187885,17825,6556
29,196154096,183951,111461,28944
8,192706426,232847,111461,4454
5,190212632,147294,111461,5172
15,214137808,234671,111461,4642
49,591356,45,31600,1828
1,75348973,133440,862711,28948
2,10186878,72017,111461,1846
1,10133528,72017,111461,1846
83,34709360,5346,178015,29006
8,194087087,43974,111461,28944
1,197900437,269533,19903,11956
1,214602899,38546,111461,4345
7,775934,150169,145781,11956
25,24494305,65781,111461,7361
1,186333786,148835,432545,28952
51,13327514,2671,111461,28944
18,149045509,3844,111461,2
1,125432229,170124,4968143,28920
1,117094392,170124,4968143,28924
1,179991459,170124,4968143,28920
2,117094511,170124,4968143,28924
1,117095599,170124,4968143,28924
2,117095339,170124,4968143,28924
1,117095510,170124,4968143,28924
1,137170896,170124,4968143,28922
,137170012,170124,4968143,28922
1,117092971,170124,4968143,28924
84,171233751,190490,111461,2
4,50735196,3844,111461,28948
28,114896573,20428,111461,2
15,192713754,116331,79935,6255
57,59204350,133440,480825,28944
,11295357,298269,111461,1846
2,205521069,9316,151747,28900
1,125433798,170124,4968143,28920
21,205855491,20428,4554761,28932
35,157161265,237785,185083,4642
1,197593399,238186,18851,12672
1,204627651,25222,111461,11958
9,69709892,2671,111461,28940
11,6547873,5346,111461,1846
1,260110627,246374,111461,5350
10,206502020,308231,111461,28948
15,216371910,325199,111461,4642
6,120464954,64160,111461,4294
3,199020460,282372,17825,28932
11,106276495,29693,111461,28952
9,117094244,170124,4968143,28924
3,243057323,126154,111461,28920
4,187637779,287167,7295039,30020
6,212462340,183951,111461,28944
9,115845662,48369,19664,4051
1,704132,309947,48191,4293
1,249643753,310711,111461,11956
2,491431,19553,18806,28942
25,79131627,29693,111461,4542
4,2086083,5346,178013,30020
,44768742,177403,111461,30020
434,58879476,45,31600,1828
8,44984825,45223,17826,4293
1,203293735,12395,40960,11962
1,217722921,12395,19073,12298
4,192113645,12395,924343,28932
13,568007,128445,17826,28932
1,12108701,30787,48191,4293
21,7986170,13069,18805,28930
2,222680371,335727,19032,12298
,198965824,262105,111461,2
459,16079268,5346,111461,28948
4,111561126,309961,111461,2
468,97990990,183951,4810691,28944
76,209129024,56430,4554761,1846
461,137956117,56430,4510525,28932
6,214050713,56430,7823211,12672
25,20021065,158761,446595,28944
24,147970122,56430,5302551,5172
150,24448044,56430,18805,1846
2,195918385,287323,19017,12298
2,249694499,56430,7823211,28930
,90474865,309947,158953,11966
2,95266171,46736,111461,2
1,200008305,308064,7834739,28924
60,208120552,24055,275031,1846
15,31265319,45223,110682,4642
19,155530342,1,18805,29010
131,138315904,3844,111461,2
1,165209432,259728,5386981,28920
1,160994977,259728,5386981,28924
1,165210093,259728,5386981,28920
2,193513449,259728,5386981,28920
1,162460687,259728,5386981,28924
1,165208911,259728,5386981,28920
100,9148580,65836,40960,28904
66,67991056,12395,27703,4345
1,188040084,15937,19073,1828
24,206112579,200265,19073,1828
104,67179382,6975,110682,5350
1,204428582,200265,27464,28894
4,138315917,3844,111461,2
9,77182076,45223,17826,4293
103,15236913,9884,243693,4642
18,213589460,1,21862,28842
888,2302081,10657,18845,1828
171,21237758,154163,27464,4316
35,202805207,67624,407203,1846
455,17475042,64160,111461,4642
108,110938221,194888,561415,4294
10,8425696,53713,261961,4642
5,10194812,858,158347,11964
7,12477248,329374,111461,4642
133,80802851,783,18802,2146
,26274900,2483,112323,28960
31,186391678,231239,143409,6255
19,193736125,43974,111461,28942
703,24255305,64160,111461,1846
30,17618526,59640,218951,28904
2,109333861,126154,111461,28922
2,71105811,2671,111461,28940
,37718598,170124,111461,28922
8,23301966,44377,111461,28924
2,117335204,170124,111461,28924
17,44975323,44377,111461,28924
5,161909303,16972,111461,28924
30,198254310,302021,416097,5349
1,117336159,170124,111461,28924
140,48607335,192038,111461,28920
2,111349925,126154,111461,28920
40,51582965,73012,111461,4642
22,1685931,129537,25422,4343
18,68031263,5411,111461,5350
57,22099454,192038,111461,28920
71,153012005,65836,40960,7361
,50196207,56543,111461,28920
,49860295,319481,111461,28922
24,2069777,192038,111461,28922
1,55779917,319481,111461,28922
264,48877698,1,18851,12672
8,112331758,53713,111461,2
316,764581,1,20972,1846
302,2903577,1,18806,6561
,131336363,309947,48191,4343
311,29455014,53713,111461,4642
219,60875322,915,243693,1846
2,74164759,26446,111461,28920
14,73787280,2666,111461,28920
18,37895038,16972,111461,28922
1,205070115,298269,111461,2
29,95470409,184069,111461,2
13,155644682,62739,111461,28948
4,119967453,168455,111461,2
13,51500453,39003,718003,4585
3,144917966,222124,111461,2
59,95564275,183951,111461,28942
26,116187467,184069,111461,28942
1,163170629,5346,111461,28936
1,215746664,5872,111461,4294
22,17901547,43974,111461,28942
20,107666684,3844,111461,28948
11,171233688,190490,111461,2
6,27836803,76905,505031,28948
39,120033864,184069,111461,28944
6,8460210,3844,111461,28948
1,136594526,170124,4968143,28922
3,147410881,133062,111461,2
,137170377,170124,4968143,28922
1,117095633,170124,4968143,28924
1,117094772,170124,4968143,28924
1,117095441,170124,4968143,28924
,117093899,170124,4968143,28924
10,215694244,25222,111461,12298
1,10279419,72017,111461,1846
4,192561146,12591,424007,4642
37,112997390,43974,111461,28944
13,68545181,46362,111254,4293
11,141365422,188890,111461,5350
9,114896460,20428,111461,2
12,23012373,24055,111461,28960
1,207782244,25222,111461,5350
2,242710523,13093,27464,4345
2,203853581,56430,18604,29010
7,175646273,5346,111461,28948
3,186078116,282372,17825,6556
1,176226532,150169,19903,11958
29,126702257,223340,111461,28960
21,205102330,298269,111461,2
1,214880367,226274,153194,4345
49,157161270,237785,185083,4642
16,16106230,5346,111461,28948
5,220666923,233891,41380,30020
2,184497231,1242,27464,4454
44,107666352,3844,111461,28948
33,136796434,232847,111461,4642
8,21851016,20367,111443,28904
1,77111714,17668,325075,5349
3,162597695,171944,111461,29006
70,13316131,133062,285753,30020
2,34339666,3844,111461,28948
5,213673813,57064,111461,28942
239,134360974,45,111460,1828
4,201712505,1377,18604,29010
54,75816184,24055,111461,28960
,130634855,3103,18805,28932
76,44106254,41387,17825,1846
,101901278,309947,48191,4343
58,31889294,27572,231363,28906
51,3556877,2430,166913,1846
29,491079,20850,18806,28944
39,17620827,65686,111461,28944
47,171796455,65836,186307,12298
3,188446296,30787,21862,2146
,59275108,30787,17826,4293
88,15692374,65686,111461,28944
26,17614393,16972,111461,4642
15,123498423,48369,111461,2
4,8011150,200265,27464,4316
63,201935492,65686,111461,28944
2,136029615,30787,49067,28900
32,73103815,101260,178001,28936
174,931617,12395,27703,4345
2,14301144,187121,111461,4345
105,43928782,65686,111461,28944
2,171036287,259728,5386981,28922
1,160992160,259728,5386981,28924
1,165207441,259728,5386981,28920
2905,405243,27572,19073,1828
86,198792003,56430,7823211,28932
,179409296,126154,111461,28920
1,252967040,1,49067,12672
2,160995920,259728,5386981,28924
287,16603745,65686,111461,28944
1,24800206,15937,220233,2146
24,24366737,48369,19664,4051
2,262410131,226098,4554761,28932
9,188700458,45223,110682,5350
5,25180736,46736,111461,12298
33,43075634,30787,40960,28904
158,78971647,65686,111461,28944
33,151765074,2671,111461,28944
194,31262507,59640,185627,4294
104,222710161,312039,111461,1846
30,84757379,154163,27464,4293
61,10143147,154163,27464,4343
2694,448538,1,21862,4051
17,456500,1242,27464,4454
40,176219900,25203,18802,2679
146,17383981,15937,79935,6255
1,188663231,12395,18851,28930
29,112228080,222389,168073,11968
79,48449680,44377,111461,28924
2,171606540,238186,18851,12672
5,198864914,308736,111461,28842
3,56362737,44377,111461,28924
,58203531,12395,18851,12672
1,107989969,170124,111461,28920
,21491824,44377,111461,28924
8,55124565,5346,178001,51698
,117333015,170124,111461,2
12,12030322,20367,111461,28922
,113331097,3103,20972,28942
170,20858273,192038,111461,28920
28,67480516,200265,143406,6255
,57724517,126154,111461,28920
25,15203263,44377,111461,28924
1,216104392,285466,25422,28932
90,161538112,5411,312329,5350
124,14707624,20367,111461,28906
8,186206860,149312,20972,6556
,48654899,176859,111461,28922
19,44603310,2666,111461,1846
,61514452,26446,111461,1846
,61365979,319481,111461,28922
,38207939,319481,111461,28922
315,85682080,65686,111461,28944
,31279883,44377,111461,28924
24,56417805,44377,111461,28924
128,114441345,1,19664,28842
36,3526997,44377,111461,28924
63,22616559,65836,111461,5350
151,58056491,192038,111461,28920
,53635028,12395,17826,4293
,68483102,314495,111461,28920
103,41619877,5411,111461,28922
1,49352298,192038,111461,28922
6,245766068,1,17827,2458
34,206945775,312039,4554761,12672
12,66704679,58789,111461,12672
,47374311,11960,111973,29008
3,57967681,30787,18851,28930
,197606477,27572,18851,28934
,134615563,12395,19017,2146
,207723340,315744,111461,11968
,225938871,312039,18805,1846
,192678772,118690,40960,7369
4,204640991,163281,219765,5349
,95484338,20428,111461,2
1,192676238,118690,40960,7369
34,53562788,3103,18805,28930
26,208419581,1,17826,29010
,192678513,118690,40960,7369
,108381675,57154,111461,28952
22,419326,125243,18806,1846
79,177526513,56430,18604,29016
27,71062970,858,18805,1846
5,203763093,300492,178549,12672
35,128778031,7934,18802,12672
,195341179,296375,111461,2
11,169268508,31379,114445,6561
,245766059,1,17827,2458
,109006041,188682,561415,11956
,179586322,46736,111443,29016
105,176440511,281941,111461,1846
9,208736684,56430,18604,29016
21,128134223,25203,21862,28840
,198799532,43766,236011,30020
12,166408725,56430,249593,29010
24,53057754,7585,243005,29016
1,188621563,147294,111461,5172
20,205851941,20428,4554761,28932
218,81521510,1,18802,2146
,183262949,40831,7303857,29014
307,54875165,1,18805,1846
3,142008824,148835,25422,28952
182,59203076,1,18802,28840
187,10387236,3103,20972,1846
5,147712630,96299,5089405,28952
,207397516,310947,49067,11958
2,205542802,312039,4554761,12672
8,39854315,7585,111461,1846
1,222529881,12854,17826,1846
78,459248,3103,20972,6556
1,103824296,29693,111461,28952
11,191911792,58789,5223339,1846
269,143741572,783,18845,28840
6,68250770,300019,21651,11968
2,68173661,9786,221989,8094
,203211094,298552,111461,2
,197604628,33284,18604,28934
592,10706084,1,21862,28842
4,193533447,48369,422017,4454
18,46183198,57154,111461,28952
5,201062572,209676,145781,7369
6,97851120,27572,18802,12672
1,125936424,225905,19903,11956
